id,Label,Degree Centrality,Betweenness Centrality,Closeness Centrality,Eigenvector Centrality,Katz Centrality
255409050,Telkomsel,0.04457364341085271,0.045202829833672076,0.4252115224955457,0.07378084689698942,0.05300298160405477
302606926,Pukisbukankue,0.8062015503875969,0.6749540670312852,0.8067369296662065,0.6971442559658435,0.22133046400188122
1248788066493292544,gryffinmugs,0.10271317829457365,0.05721548314458718,0.4411370476826447,0.1251713826381489,0.06597471510983285
118287748,lalu_lula77,0.0,0.0,0.0,2.9228583759679505e-130,0.040972227554187945
1254067328913829889,deirdre_xo,0.0,0.0,0.0,2.9228583759679505e-130,0.040972227554187945
224204467,batamtoday,0.0,0.0,0.0,2.9228583759679505e-130,0.040972227554187945
3285237451,AudreyTelkomsel,0.001937984496124031,0.0,0.40897080462245194,0.033635456551203154,0.04318552672751623
1140214504057233408,gausadigubris,0.0,0.0,0.0,2.9228583759679505e-130,0.040972227554187945
1629502556467777536,cenolaby,0.0,0.0,0.0,2.9228583759679505e-130,0.040972227554187945
1504425968613851138,dniraaaa,0.001937984496124031,0.0,0.40897080462245194,0.033635456551203154,0.04318552672751623
1530571851541336064,trbalik,0.003875968992248062,0.0043688493338527295,0.4127929616749982,0.039674536570050184,0.04384527317187642
995843888030957569,sugarthomcat,0.0,0.0,0.0,2.9228583759679505e-130,0.040972227554187945
1546135642093998080,ekyic,0.001937984496124031,0.0,0.40897080462245194,0.033635456551203154,0.04318552672751623
1494651143632613378,greenasahi,0.001937984496124031,0.0,0.40897080462245194,0.033635456551203154,0.04318552672751623
1734054591778709504,BUMNtoday_,0.0,0.0,0.0,2.9228583759679505e-130,0.040972227554187945
1736671408099590144,BUMN_pOs,0.0,0.0,0.0,2.9228583759679505e-130,0.040972227554187945
1188155610635718657,siapa_hayosiapa,0.0,0.0,0.0,2.9228583759679505e-130,0.040972227554187945
1160980825229279232,xyzaell,0.0,0.0,0.0,2.9228583759679505e-130,0.040972227554187945
1842491808095608832,TrollIdola48,0.001937984496124031,0.0,0.40897080462245194,0.033635456551203154,0.04318552672751623
1760991310025306112,ffhaleyda,0.001937984496124031,0.0,0.40897080462245194,0.033635456551203154,0.04318552672751623
1821198764583088128,Diva168Top,0.0,0.0,0.0,2.9228583759679505e-130,0.040972227554187945
1174823341036691457,hanarhmh,0.001937984496124031,0.0,0.40897080462245194,0.033635456551203154,0.04318552672751623
1258408702295420929,bumnup2date,0.0,0.0,0.0,2.9228583759679505e-130,0.040972227554187945
1581834675558891520,SeluruhBUMN_id,0.0,0.0,0.0,2.9228583759679505e-130,0.040972227554187945
1537768086626938880,yusufakkah,0.0,0.0,0.0,2.9228583759679505e-130,0.040972227554187945
1467392756486008832,S112679,0.001937984496124031,0.0,0.40897080462245194,0.033635456551203154,0.04318552672751623
1737336767240708096,jadipenyihir,0.0,0.0,0.0,2.9228583759679505e-130,0.040972227554187945
1803612625307312130,alvmerry_,0.001937984496124031,0.0,0.40897080462245194,0.033635456551203154,0.04318552672751623
1304449167331188736,DKSoo9302,0.001937984496124031,0.0,0.40897080462245194,0.033635456551203154,0.04318552672751623
1248796943960006661,heavenclovds,0.001937984496124031,0.0,0.40897080462245194,0.033635456551203154,0.04318552672751623
1103989782282006532,ayo_sugaaaa,0.001937984496124031,0.0,0.40897080462245194,0.033635456551203154,0.04318552672751623
796645220096077824,beiacon,0.001937984496124031,0.0,0.40897080462245194,0.033635456551203154,0.04318552672751623
1320244908884590592,MindSpeakLouder,0.0,0.0,0.0,2.9228583759679505e-130,0.040972227554187945
635443533,BUMNnet,0.0,0.0,0.0,2.9228583759679505e-130,0.040972227554187945
1482306866461888514,Alexwij89164533,0.0,0.0,0.0,2.9228583759679505e-130,0.040972227554187945
1352204518444810241,tataaasdfghjkl,0.003875968992248062,0.0,0.4127929616749982,0.039674536570050184,0.04384527317187642
1494360914585604096,xz_1995x,0.0,0.0,0.0,2.9228583759679505e-130,0.040972227554187945
1148387257646108672,Msfq_Amrullah,0.001937984496124031,0.0,0.40897080462245194,0.033635456551203154,0.04318552672751623
1267963162487185408,hwaytoheaven,0.001937984496124031,0.0,0.40897080462245194,0.033635456551203154,0.04318552672751623
1076427513155411968,ketoprakpedes_1,0.003875968992248062,0.0043688493338527295,0.4127929616749982,0.039674536570050184,0.04384527317187642
1640238013237305345,i_ticket_u,0.001937984496124031,0.0,0.40897080462245194,0.033635456551203154,0.04318552672751623
1624113662570135557,icakbf,0.0,0.0,0.0,2.9228583759679505e-130,0.040972227554187945
1709062441680945152,alesyawashere,0.001937984496124031,0.0,0.40897080462245194,0.033635456551203154,0.04318552672751623
1185042505294704640,jaehyun14297_,0.001937984496124031,0.0,0.40897080462245194,0.033635456551203154,0.04318552672751623
1353014891905355777,samoyedsoobin,0.001937984496124031,0.0,0.40897080462245194,0.033635456551203154,0.04318552672751623
69386259,HELLODIMAS,0.001937984496124031,0.0,0.40897080462245194,0.033635456551203154,0.04318552672751623
1076526396841746432,smilehc__,0.001937984496124031,0.0,0.40897080462245194,0.033635456551203154,0.04318552672751623
1313386437027405824,lizzzislazy,0.001937984496124031,0.0,0.40897080462245194,0.033635456551203154,0.04318552672751623
1430840172715778052,pid4aaak,0.001937984496124031,0.0,0.40897080462245194,0.033635456551203154,0.04318552672751623
1484169269235818501,nemoooo_354,0.001937984496124031,0.0,0.40897080462245194,0.033635456551203154,0.04318552672751623
1120927516653264896,annabellekyut,0.001937984496124031,0.0,0.40897080462245194,0.033635456551203154,0.04318552672751623
840449983971131392,dimssign,0.001937984496124031,0.0,0.40897080462245194,0.033635456551203154,0.04318552672751623
1798998811525976064,xixiloise,0.0,0.0,0.0,2.9228583759679505e-130,0.040972227554187945
1316282223230775296,badsinnerx,0.001937984496124031,0.0,0.40897080462245194,0.033635456551203154,0.04318552672751623
14233222,vandai,0.001937984496124031,0.0,0.40897080462245194,0.033635456551203154,0.04318552672751623
1330804989761966082,twelvedyoo,0.003875968992248062,0.0,0.4113513098880075,0.037195070718693934,0.04371555624374752
1303983991351988224,JustFrascher,0.0,0.0,0.0,2.9228583759679505e-130,0.040972227554187945
2504104237,gemuira,0.0,0.0,0.0,2.9228583759679505e-130,0.040972227554187945
1381944503108390912,tickvet,0.0,0.0,0.0,2.9228583759679505e-130,0.040972227554187945
1545271727521169411,Ichavarma_,0.001937984496124031,0.0,0.40897080462245194,0.033635456551203154,0.04318552672751623
620977821,HaloBCA,0.0,0.0,0.0,2.9228583759679505e-130,0.040972227554187945
1497558462263291912,winction101,0.001937984496124031,0.0,0.40897080462245194,0.033635456551203154,0.04318552672751623
1803499576688787457,winterqin,0.001937984496124031,0.0,0.40897080462245194,0.033635456551203154,0.04318552672751623
970880164975357953,osakiishotaroo,0.003875968992248062,0.0,0.4127929616749982,0.039674536570050184,0.04384527317187642
295081792,eaudezee,0.001937984496124031,0.0,0.40897080462245194,0.033635456551203154,0.04318552672751623
1449949390999859205,artsthically,0.001937984496124031,0.0,0.40897080462245194,0.033635456551203154,0.04318552672751623
1503095026066210816,bobpulaji_,0.005813953488372093,0.0,0.4152183022253801,0.04323415073754096,0.0443753026881077
1696373590588080128,centqwrush,0.001937984496124031,0.0,0.40897080462245194,0.033635456551203154,0.04318552672751623
755380926977224708,panoragma,0.0,0.0,0.0,2.9228583759679505e-130,0.040972227554187945
1355379030,txtdariapiq,0.001937984496124031,0.0,0.40897080462245194,0.033635456551203154,0.04318552672751623
62854120,KrisnaERLG,0.001937984496124031,0.0,0.40897080462245194,0.033635456551203154,0.04318552672751623
254548125,spicycikenwingz,0.001937984496124031,0.0,0.40897080462245194,0.033635456551203154,0.04318552672751623
1744594571764592640,Isnina45,0.001937984496124031,0.0,0.40897080462245194,0.033635456551203154,0.04318552672751623
533891300,PashaFJati,0.001937984496124031,0.0,0.40897080462245194,0.033635456551203154,0.04318552672751623
46303385,demylia,0.001937984496124031,0.0,0.40897080462245194,0.033635456551203154,0.04318552672751623
1393079331878887425,nengconvert,0.003875968992248062,0.0043688493338527295,0.4127929616749982,0.039674536570050184,0.04384527317187642
1157241883606732800,irvxan,0.001937984496124031,0.0,0.40897080462245194,0.033635456551203154,0.04318552672751623
120422799,nnaa_banaana,0.001937984496124031,0.0,0.40897080462245194,0.033635456551203154,0.04318552672751623
1316839975908909056,unclesminho,0.001937984496124031,0.0,0.40897080462245194,0.033635456551203154,0.04318552672751623
70273418,frans_wiguna,0.001937984496124031,0.0,0.40897080462245194,0.033635456551203154,0.04318552672751623
1763501278410473472,naimawawaw,0.001937984496124031,0.0,0.40897080462245194,0.033635456551203154,0.04318552672751623
765035200896118789,IndiHomeCare,0.001937984496124031,0.0,0.40897080462245194,0.033635456551203154,0.04318552672751623
1281264725691518976,zhracl,0.001937984496124031,0.0,0.40897080462245194,0.033635456551203154,0.04318552672751623
1005808225336217603,slufome,0.001937984496124031,0.0,0.40897080462245194,0.033635456551203154,0.04318552672751623
1153465514695413760,osyeanize,0.001937984496124031,0.0,0.40897080462245194,0.033635456551203154,0.04318552672751623
702081534,ykwaim,0.001937984496124031,0.0,0.40897080462245194,0.033635456551203154,0.04318552672751623
1120722652916670464,noniambonn,0.001937984496124031,0.0,0.40897080462245194,0.033635456551203154,0.04318552672751623
1261329219671306240,ahsafalio,0.001937984496124031,0.0,0.40897080462245194,0.033635456551203154,0.04318552672751623
3077772414,losesideofher,0.001937984496124031,0.0,0.40897080462245194,0.033635456551203154,0.04318552672751623
1595840913108242433,deathinvest,0.001937984496124031,0.0,0.40897080462245194,0.033635456551203154,0.04318552672751623
1686822581998075904,syeram_,0.001937984496124031,0.0,0.40897080462245194,0.033635456551203154,0.04318552672751623
1827274173456248833,nighthawk_00,0.001937984496124031,0.0,0.40897080462245194,0.033635456551203154,0.04318552672751623
1546697185,JeeeAJeee,0.001937984496124031,0.0,0.40897080462245194,0.033635456551203154,0.04318552672751623
1390975938,TelkomselHalo,0.001937984496124031,0.0,0.40897080462245194,0.033635456551203154,0.04318552672751623
1278342617781030919,suddenly_pieces,0.001937984496124031,0.0,0.40897080462245194,0.033635456551203154,0.04318552672751623
1309542507210924032,brownstheticx,0.003875968992248062,0.022363212162263904,0.4113513098880075,0.037195070718693934,0.04371555624374752
1129672753651388416,H4T14K4LN4L42,0.005813953488372093,0.022363212162263904,0.4152183022253801,0.04323415073754096,0.0443753026881077
1366273234660777984,s4njey,0.003875968992248062,0.0,0.4127929616749982,0.039674536570050184,0.04384527317187642
2356336351,fruityeonzun,0.001937984496124031,0.0,0.40897080462245194,0.033635456551203154,0.04318552672751623
1133343782894653440,soboroppaang,0.001937984496124031,0.0,0.40897080462245194,0.033635456551203154,0.04318552672751623
1688254823425310720,codenamemariel,0.001937984496124031,0.0,0.40897080462245194,0.033635456551203154,0.04318552672751623
1250430812287193089,aistiguladikit,0.0,0.0,0.0,2.9228583759679505e-130,0.040972227554187945
1435266308241694730,xfastm,0.001937984496124031,0.0,0.40897080462245194,0.033635456551203154,0.04318552672751623
1352205691029622786,yvtsrindira,0.001937984496124031,0.0,0.40897080462245194,0.033635456551203154,0.04318552672751623
1348323676454748160,Cegilklepto97,0.001937984496124031,0.0,0.40897080462245194,0.033635456551203154,0.04318552672751623
1447891434506375172,PacarHoshii_,0.001937984496124031,0.0,0.40897080462245194,0.033635456551203154,0.04318552672751623
793730672,rizal_septyan,0.001937984496124031,0.0,0.40897080462245194,0.033635456551203154,0.04318552672751623
1794389047839997952,Brighter_within,0.001937984496124031,0.0,0.40897080462245194,0.033635456551203154,0.04318552672751623
1726699029839691776,354Dmc51013,0.001937984496124031,0.0,0.40897080462245194,0.033635456551203154,0.04318552672751623
1474766558442360835,aguspurnayasa96,0.003875968992248062,0.0043688493338527295,0.4127929616749982,0.039674536570050184,0.04384527317187642
1237698455843131393,kiiyomiiy,0.001937984496124031,0.0,0.28110642417963283,0.003559614167490782,0.041502257070419234
772331669025992704,mushroobm,0.001937984496124031,0.0,0.40897080462245194,0.033635456551203154,0.04318552672751623
1785807027148935168,Lozy1p,0.001937984496124031,0.0,0.40897080462245194,0.033635456551203154,0.04318552672751623
1328680857058508805,keenandiya,0.001937984496124031,0.0,0.40897080462245194,0.033635456551203154,0.04318552672751623
1234697154989568000,tselenterprise,0.001937984496124031,0.0,0.40897080462245194,0.033635456551203154,0.04318552672751623
1373563426744664065,naminjaemina,0.001937984496124031,0.0,0.40897080462245194,0.033635456551203154,0.04318552672751623
2326701534,SuperYena9,0.001937984496124031,0.0,0.40897080462245194,0.033635456551203154,0.04318552672751623
1210712237217726464,hisanaburger,0.001937984496124031,0.0,0.40897080462245194,0.033635456551203154,0.04318552672751623
1806039874979733504,shotobabies,0.005813953488372093,0.0,0.4152183022253801,0.04323415073754096,0.0443753026881077
272285886,detrifu,0.001937984496124031,0.0,0.40897080462245194,0.033635456551203154,0.04318552672751623
1281125737123069953,Kqalin,0.0,0.0,0.0,2.9228583759679505e-130,0.040972227554187945
926074554241265669,clumsymuggle,0.001937984496124031,0.0,0.40897080462245194,0.033635456551203154,0.04318552672751623
131233656,saintfenrir,0.001937984496124031,0.0,0.40897080462245194,0.033635456551203154,0.04318552672751623
1449525430000648194,badwvfb,0.001937984496124031,0.0,0.40897080462245194,0.033635456551203154,0.04318552672751623
819454417,byulswork,0.0,0.0,0.0,2.9228583759679505e-130,0.040972227554187945
1635659283366031363,txt_daritadi,0.0,0.0,0.0,2.9228583759679505e-130,0.040972227554187945
241422232,dimasiprtm,0.005813953488372093,0.0010679611650485437,0.4152183022253801,0.04323415073754096,0.0443753026881077
1276073343624441859,zubzebzubzapzap,0.001937984496124031,0.0,0.40897080462245194,0.033635456551203154,0.04318552672751623
991607818842095617,fuadjanuarr,0.001937984496124031,0.0,0.40897080462245194,0.033635456551203154,0.04318552672751623
200412554,Q_THYNX,0.001937984496124031,0.0,0.40897080462245194,0.033635456551203154,0.04318552672751623
1137958420059836416,p_ayShop,0.001937984496124031,0.0,0.40897080462245194,0.033635456551203154,0.04318552672751623
1162357857511063555,NotRfws,0.0,0.0,0.0,2.9228583759679505e-130,0.040972227554187945
35707109,diantisaptarini,0.001937984496124031,0.0,0.40897080462245194,0.033635456551203154,0.04318552672751623
809159997644906496,dipyagesyak,0.001937984496124031,0.0,0.40897080462245194,0.033635456551203154,0.04318552672751623
978460005186682880,evgoeswrong,0.001937984496124031,0.0,0.40897080462245194,0.033635456551203154,0.04318552672751623
1623573790612414464,ForYouthJK2_,0.003875968992248062,0.0,0.4113513098880075,0.037195070718693934,0.04371555624374752
1749690773375983616,MyTelkomselApp,0.005813953488372093,0.0,0.4152183022253801,0.04323415073754096,0.0443753026881077
1438621263761592320,Kudabajingan,0.003875968992248062,0.0,0.4127929616749982,0.039674536570050184,0.04384527317187642
1486288549519724545,xxxyours_,0.003875968992248062,0.0,0.4127929616749982,0.039674536570050184,0.04384527317187642
1809941989913440256,zhenya_Taek_joo,0.0,0.0,0.0,2.9228583759679505e-130,0.040972227554187945
1428538483463782410,tleontwt,0.0,0.0,0.0,2.9228583759679505e-130,0.040972227554187945
1076207409733951488,553verse,0.001937984496124031,0.0,0.40897080462245194,0.033635456551203154,0.04318552672751623
711816272179122176,wonwooo96,0.001937984496124031,0.0,0.40897080462245194,0.033635456551203154,0.04318552672751623
914394620687147008,fluffytaebin,0.001937984496124031,0.0,0.40897080462245194,0.033635456551203154,0.04318552672751623
1740692747097702400,embzunbackup,0.003875968992248062,0.0,0.4113513098880075,0.037195070718693934,0.04371555624374752
1151302159545200640,dapmuldisini,0.001937984496124031,0.0,0.40897080462245194,0.033635456551203154,0.04318552672751623
1280799930685157376,markliaa_,0.001937984496124031,0.0,0.40897080462245194,0.033635456551203154,0.04318552672751623
1742448120414539776,Tydakcool,0.001937984496124031,0.0,0.40897080462245194,0.033635456551203154,0.04318552672751623
1237044933371908098,oikawasnt,0.001937984496124031,0.0,0.40897080462245194,0.033635456551203154,0.04318552672751623
1810619330813669376,sachiosaurus,0.0,0.0,0.0,2.9228583759679505e-130,0.040972227554187945
1058971824548003840,nanasnanad,0.0,0.0,0.0,2.9228583759679505e-130,0.040972227554187945
1242289732551200769,kimjiwoongiee,0.001937984496124031,0.0,0.40897080462245194,0.033635456551203154,0.04318552672751623
1627880699595476992,chevrlyn_,0.001937984496124031,0.0,0.40897080462245194,0.033635456551203154,0.04318552672751623
307106390,kucingstasiun,0.001937984496124031,0.0,0.40897080462245194,0.033635456551203154,0.04318552672751623
1794136793966845952,jesussidekick,0.001937984496124031,0.0,0.40897080462245194,0.033635456551203154,0.04318552672751623
1451386308639612937,aysyaff,0.001937984496124031,0.0,0.40897080462245194,0.033635456551203154,0.04318552672751623
1181345306,chyzy_21,0.001937984496124031,0.0,0.40897080462245194,0.033635456551203154,0.04318552672751623
1599695159440322561,diabara_,0.005813953488372093,0.0,0.4152183022253801,0.04323415073754096,0.0443753026881077
1270313131869257728,ancvnin,0.001937984496124031,0.0,0.40897080462245194,0.033635456551203154,0.04318552672751623
1801191094887313408,kasurbengkok,0.001937984496124031,0.0,0.40897080462245194,0.033635456551203154,0.04318552672751623
1216016309831360514,Anashim2618,0.001937984496124031,0.0,0.40897080462245194,0.033635456551203154,0.04318552672751623
1191410828253130752,baked_salmon10,0.005813953488372093,0.0,0.4152183022253801,0.04323415073754096,0.0443753026881077
1264089204486582273,jmkconvert,0.001937984496124031,0.0,0.40897080462245194,0.033635456551203154,0.04318552672751623
1506172346474049537,marimenyerah,0.001937984496124031,0.0,0.40897080462245194,0.033635456551203154,0.04318552672751623
561103878,Kuromichi2323,0.001937984496124031,0.0,0.40897080462245194,0.033635456551203154,0.04318552672751623
326512651,urfavgoldlaner,0.001937984496124031,0.0,0.40897080462245194,0.033635456551203154,0.04318552672751623
1422162505791524865,Restuwjya_,0.001937984496124031,0.0,0.40897080462245194,0.033635456551203154,0.04318552672751623
1022055250071449601,allmycrushremos,0.001937984496124031,0.0,0.40897080462245194,0.033635456551203154,0.04318552672751623
86341125,niko_smi90,0.0,0.0,0.0,2.9228583759679505e-130,0.040972227554187945
56365990,agil_gage,0.001937984496124031,0.0,0.40897080462245194,0.033635456551203154,0.04318552672751623
1490265456120254466,blythefancier,0.003875968992248062,0.0043688493338527295,0.4127929616749982,0.039674536570050184,0.04384527317187642
1735539452070727680,fat94194,0.001937984496124031,0.0,0.40897080462245194,0.033635456551203154,0.04318552672751623
233158485,likerrel,0.001937984496124031,0.0,0.40897080462245194,0.033635456551203154,0.04318552672751623
1605826684208713728,katanyasihgitu7,0.0,0.0,0.0,2.9228583759679505e-130,0.040972227554187945
807788035894980608,chiakipx,0.005813953488372093,0.0,0.4152183022253801,0.04323415073754096,0.0443753026881077
1549671394300264448,nelsonsoetanto1,0.001937984496124031,0.0,0.40897080462245194,0.033635456551203154,0.04318552672751623
1214365112720510976,_chaconne20,0.003875968992248062,0.0,0.4127929616749982,0.039674536570050184,0.04384527317187642
1769389230005121024,ungojofied,0.001937984496124031,0.0,0.40897080462245194,0.033635456551203154,0.04318552672751623
1416468013499305984,peachyysell,0.001937984496124031,0.0,0.40897080462245194,0.033635456551203154,0.04318552672751623
1764319070646870017,Pencilgon88,0.001937984496124031,0.0,0.40897080462245194,0.033635456551203154,0.04318552672751623
340222032,sioverthibking,0.001937984496124031,0.0,0.40897080462245194,0.033635456551203154,0.04318552672751623
1240438034505449474,adityalexia,0.001937984496124031,0.0,0.40897080462245194,0.033635456551203154,0.04318552672751623
1516334407472230403,real__lialee,0.001937984496124031,0.0,0.40897080462245194,0.033635456551203154,0.04318552672751623
1559561251268677632,hottiedoy,0.001937984496124031,0.0,0.40897080462245194,0.033635456551203154,0.04318552672751623
1369267047494864901,ebifuuraaii,0.001937984496124031,0.0,0.40897080462245194,0.033635456551203154,0.04318552672751623
956759069338910720,iniinaraa,0.0,0.0,0.0,2.9228583759679505e-130,0.040972227554187945
1607331019996418050,oayagitoya,0.001937984496124031,0.0,0.40897080462245194,0.033635456551203154,0.04318552672751623
1747785020343996417,madeby_nat,0.001937984496124031,0.0,0.40897080462245194,0.033635456551203154,0.04318552672751623
1548573604165853186,free666hugz,0.001937984496124031,0.0,0.40897080462245194,0.033635456551203154,0.04318552672751623
124063292,Rininta_rin,0.003875968992248062,0.0,0.4127929616749982,0.039674536570050184,0.04384527317187642
765680870330163202,aulsazy,0.0,0.0,0.0,2.9228583759679505e-130,0.040972227554187945
1265308038316961792,babilohh,0.001937984496124031,0.0,0.40897080462245194,0.033635456551203154,0.04318552672751623
1132569845952798720,tuturssst,0.001937984496124031,0.0,0.2879794418857363,0.006039080018847029,0.041631973998548136
1419352452852113413,lot_cut,0.0,0.0,0.0,2.9228583759679505e-130,0.040972227554187945
1122211213822185472,emikazizablqis_,0.0,0.0,0.0,2.9228583759679505e-130,0.040972227554187945
993878851510915073,wynzerry,0.001937984496124031,0.0,0.40897080462245194,0.033635456551203154,0.04318552672751623
1428393972263575555,greppypie,0.001937984496124031,0.0,0.40897080462245194,0.033635456551203154,0.04318552672751623
2455007629,irienchan,0.001937984496124031,0.0,0.40897080462245194,0.033635456551203154,0.04318552672751623
2751826718,lordvol_,0.001937984496124031,0.0,0.40897080462245194,0.033635456551203154,0.04318552672751623
1476451379543621632,AblenkMeizan,0.0,0.0,0.0,2.9228583759679505e-130,0.040972227554187945
2336877098,zeldez_,0.001937984496124031,0.0,0.40897080462245194,0.033635456551203154,0.04318552672751623
2840983645,rhesapratama_,0.001937984496124031,0.0,0.40897080462245194,0.033635456551203154,0.04318552672751623
876030869151989760,secrape,0.001937984496124031,0.0,0.40897080462245194,0.033635456551203154,0.04318552672751623
1702121267384795136,benedicts23,0.0,0.0,0.0,2.9228583759679505e-130,0.040972227554187945
285413318,HiStalk_,0.001937984496124031,0.0,0.40897080462245194,0.033635456551203154,0.04318552672751623
1158533471351918592,WBFaisal,0.001937984496124031,0.0,0.40897080462245194,0.033635456551203154,0.04318552672751623
1490530504210526208,hellopain__,0.001937984496124031,0.0,0.40897080462245194,0.033635456551203154,0.04318552672751623
1265111032814542853,kokbisagitwo,0.0,0.0,0.0,2.9228583759679505e-130,0.040972227554187945
2744847553,biruBCA,0.001937984496124031,0.0,0.40897080462245194,0.033635456551203154,0.04318552672751623
254844949,flowerypuff,0.001937984496124031,0.0,0.40897080462245194,0.033635456551203154,0.04318552672751623
1672608896253587457,setengahhwaras,0.001937984496124031,0.0,0.40897080462245194,0.033635456551203154,0.04318552672751623
1338474966962991106,bluecellestial,0.003875968992248062,0.0,0.4127929616749982,0.039674536570050184,0.04384527317187642
1304256231884746752,yowxhi,0.001937984496124031,0.0,0.40897080462245194,0.033635456551203154,0.04318552672751623
1541035076699295744,kaeruzsatoru,0.001937984496124031,0.0,0.40897080462245194,0.033635456551203154,0.04318552672751623
1245231198978207745,itsmeiva333,0.0,0.0,0.0,2.9228583759679505e-130,0.040972227554187945
1096667072535224320,hadidwell_,0.001937984496124031,0.0,0.40897080462245194,0.033635456551203154,0.04318552672751623
1761641361030500352,brainsturbate__,0.001937984496124031,0.0,0.40897080462245194,0.033635456551203154,0.04318552672751623
1470399250026561536,notdaredare,0.001937984496124031,0.0,0.40897080462245194,0.033635456551203154,0.04318552672751623
49940615,Ln1885,0.001937984496124031,0.0,0.40897080462245194,0.033635456551203154,0.04318552672751623
1608880766678863873,novraimu,0.001937984496124031,0.0,0.40897080462245194,0.033635456551203154,0.04318552672751623
233823558,aufaruqy,0.0,0.0,0.0,2.9228583759679505e-130,0.040972227554187945
187437530,woleswoosh,0.001937984496124031,0.0,0.2879794418857363,0.006039080018847029,0.041631973998548136
1323478628563185666,mypediasure,0.003875968992248062,0.0,0.4127929616749982,0.039674536570050184,0.04384527317187642
1323230911320649728,sipalingroy,0.001937984496124031,0.0,0.40897080462245194,0.033635456551203154,0.04318552672751623
1741545561466224640,NoInterest4959,0.001937984496124031,0.0,0.40897080462245194,0.033635456551203154,0.04318552672751623
1647752622,shafatrd,0.001937984496124031,0.0,0.40897080462245194,0.033635456551203154,0.04318552672751623
1285968827038064641,envidrovie,0.001937984496124031,0.0,0.40897080462245194,0.033635456551203154,0.04318552672751623
1342742096705253376,yeidamb,0.001937984496124031,0.0,0.40897080462245194,0.033635456551203154,0.04318552672751623
151065217,ariyulianton,0.001937984496124031,0.0,0.40897080462245194,0.033635456551203154,0.04318552672751623
49243004,ipittoo,0.0,0.0,0.0,2.9228583759679505e-130,0.040972227554187945
1775182794802806784,tachajuga,0.001937984496124031,0.0,0.40897080462245194,0.033635456551203154,0.04318552672751623
114188280,koberholic,0.001937984496124031,0.0,0.40897080462245194,0.033635456551203154,0.04318552672751623
1522190013730988032,HappyButNo2,0.001937984496124031,0.0,0.40897080462245194,0.033635456551203154,0.04318552672751623
1483746509145645065,degarthought,0.001937984496124031,0.0,0.40897080462245194,0.033635456551203154,0.04318552672751623
1973564496,AhnazWu,0.001937984496124031,0.0,0.40897080462245194,0.033635456551203154,0.04318552672751623
1471412626156503042,OmegaPenurut,0.001937984496124031,0.0,0.40897080462245194,0.033635456551203154,0.04318552672751623
1554038253640368128,jejegirl07,0.001937984496124031,0.0,0.40897080462245194,0.033635456551203154,0.04318552672751623
187401641,ana_nha,0.001937984496124031,0.0,0.40897080462245194,0.033635456551203154,0.04318552672751623
1407929900749574145,comradeweebs,0.001937984496124031,0.0,0.40897080462245194,0.033635456551203154,0.04318552672751623
1340654649892773889,slverqueenaa,0.003875968992248062,0.0,0.4127929616749982,0.039674536570050184,0.04384527317187642
1683096322470219779,yawnnnttt,0.001937984496124031,0.0,0.40897080462245194,0.033635456551203154,0.04318552672751623
1028022036289880064,ebidupan,0.001937984496124031,0.0,0.40897080462245194,0.033635456551203154,0.04318552672751623
1423667489423069192,namanyaaagwsuka,0.001937984496124031,0.0,0.40897080462245194,0.033635456551203154,0.04318552672751623
1003173136391495681,Ptrydiw,0.003875968992248062,0.0,0.4127929616749982,0.039674536570050184,0.04384527317187642
1312397524355829760,orange_purple7,0.0,0.0,0.0,2.9228583759679505e-130,0.040972227554187945
1419563289764274180,kteiju,0.001937984496124031,0.0,0.40897080462245194,0.033635456551203154,0.04318552672751623
1650855921424408577,dagonyangmom,0.001937984496124031,0.0,0.40897080462245194,0.033635456551203154,0.04318552672751623
1794293869502513152,twonynsvn,0.001937984496124031,0.0,0.40897080462245194,0.033635456551203154,0.04318552672751623
326801078,aindtyi,0.0,0.0,0.0,2.9228583759679505e-130,0.040972227554187945
1158471938,deltasufianti,0.003875968992248062,0.0,0.4127929616749982,0.039674536570050184,0.04384527317187642
1177714048873324544,korbanwangi,0.001937984496124031,0.0,0.40897080462245194,0.033635456551203154,0.04318552672751623
555908827,xxpanjos,0.001937984496124031,0.0,0.40897080462245194,0.033635456551203154,0.04318552672751623
1274963999252082688,soonnugu,0.001937984496124031,0.0,0.40897080462245194,0.033635456551203154,0.04318552672751623
274443239,reversalchaos,0.001937984496124031,0.0,0.40897080462245194,0.033635456551203154,0.04318552672751623
1153659192286183424,menghamster,0.003875968992248062,0.0,0.4113513098880075,0.037195070718693934,0.04371555624374752
1535446390410575872,cryinoverchenle,0.001937984496124031,0.0,0.40897080462245194,0.033635456551203154,0.04318552672751623
85805406,akoorphs,0.001937984496124031,0.0,0.40897080462245194,0.033635456551203154,0.04318552672751623
1509636907,juraganpulsay,0.0,0.0,0.0,2.9228583759679505e-130,0.040972227554187945
1670444418128822272,kageyamean,0.003875968992248062,0.0043688493338527295,0.4127929616749982,0.039674536570050184,0.04384527317187642
1578537844683198465,burnyfai,0.001937984496124031,0.0,0.40897080462245194,0.033635456551203154,0.04318552672751623
61776651,mctosima_,0.001937984496124031,0.0,0.40897080462245194,0.033635456551203154,0.04318552672751623
308254934,SahabatAntasid,0.001937984496124031,0.0,0.40897080462245194,0.033635456551203154,0.04318552672751623
1455095505327845377,3rI4ng,0.001937984496124031,0.0,0.2879794418857363,0.006039080018847029,0.041631973998548136
1362571790568988676,studyeir,0.001937984496124031,0.0,0.40897080462245194,0.033635456551203154,0.04318552672751623
768923312177057792,Dika_27_,0.001937984496124031,0.0,0.40897080462245194,0.033635456551203154,0.04318552672751623
47287134,heyhestyy,0.001937984496124031,0.0,0.40897080462245194,0.033635456551203154,0.04318552672751623
870527710145134592,azartine,0.0,0.0,0.0,2.9228583759679505e-130,0.040972227554187945
904100130164424704,cinnamonrollx6,0.001937984496124031,0.0,0.40897080462245194,0.033635456551203154,0.04318552672751623
1198301966566215681,dii__na,0.001937984496124031,0.0,0.40897080462245194,0.033635456551203154,0.04318552672751623
863681540324077568,shqooky,0.0,0.0,0.0,2.9228583759679505e-130,0.040972227554187945
1835676785918586880,Saasusantiih,0.0,0.0,0.0,2.9228583759679505e-130,0.040972227554187945
257002421,mbt227,0.001937984496124031,0.0,0.40897080462245194,0.033635456551203154,0.04318552672751623
1492820442209746947,aleglaur,0.001937984496124031,0.0,0.40897080462245194,0.033635456551203154,0.04318552672751623
1705626055514771456,adiosmuffin,0.001937984496124031,0.0,0.40897080462245194,0.033635456551203154,0.04318552672751623
1314770605724499969,NonaaBlue,0.001937984496124031,0.0,0.40897080462245194,0.033635456551203154,0.04318552672751623
542231161,sharpanocopath,0.003875968992248062,0.0043688493338527295,0.4127929616749982,0.039674536570050184,0.04384527317187642
1242245100765212673,Zaky_abdulaziz,0.001937984496124031,0.0,0.40897080462245194,0.033635456551203154,0.04318552672751623
242287870,JPSA__,0.001937984496124031,0.0,0.40897080462245194,0.033635456551203154,0.04318552672751623
1038414406726475777,hhazelkim,0.001937984496124031,0.0,0.40897080462245194,0.033635456551203154,0.04318552672751623
525452054,bhektipra,0.001937984496124031,0.0,0.40897080462245194,0.033635456551203154,0.04318552672751623
1300403687093723139,urchagiia,0.001937984496124031,0.0,0.40897080462245194,0.033635456551203154,0.04318552672751623
1448883449226350593,Ngan____,0.0,0.0,0.0,2.9228583759679505e-130,0.040972227554187945
2991095544,jungisflower,0.001937984496124031,0.0,0.40897080462245194,0.033635456551203154,0.04318552672751623
1615434295690293248,PPooolle,0.001937984496124031,0.0,0.40897080462245194,0.033635456551203154,0.04318552672751623
370132471,Joni_Pellor,0.0,0.0,0.0,2.9228583759679505e-130,0.040972227554187945
1248907282689093634,whitewall666,0.001937984496124031,0.0,0.40897080462245194,0.033635456551203154,0.04318552672751623
1842360164122542080,isaashafi,0.0,0.0,0.0,2.9228583759679505e-130,0.040972227554187945
59433879,singolion,0.001937984496124031,0.0,0.40897080462245194,0.033635456551203154,0.04318552672751623
1217336016,whosnako,0.0,0.0,0.0,2.9228583759679505e-130,0.040972227554187945
1508457801219149828,RurianikRanty,0.001937984496124031,0.0,0.40897080462245194,0.033635456551203154,0.04318552672751623
1489319288179929088,icecreamchill90,0.003875968992248062,0.0,0.4127929616749982,0.039674536570050184,0.04384527317187642
1477287773098758144,ssaldess,0.001937984496124031,0.0,0.40897080462245194,0.033635456551203154,0.04318552672751623
24142480,Iryaspraha,0.001937984496124031,0.0,0.40897080462245194,0.033635456551203154,0.04318552672751623
1940915714,Roispreneur,0.001937984496124031,0.0,0.40897080462245194,0.033635456551203154,0.04318552672751623
386839365,dianekopurwanto,0.001937984496124031,0.0,0.40897080462245194,0.033635456551203154,0.04318552672751623
1285380314240442368,ajunkyuala1,0.001937984496124031,0.0,0.40897080462245194,0.033635456551203154,0.04318552672751623
1500604856847171586,krisdiyanto910,0.001937984496124031,0.0,0.40897080462245194,0.033635456551203154,0.04318552672751623
1580588283465461760,trajeectoriess,0.003875968992248062,0.0,0.4127929616749982,0.039674536570050184,0.04384527317187642
1242790526333513729,AnindyaKai,0.001937984496124031,0.0,0.40897080462245194,0.033635456551203154,0.04318552672751623
1649770975448420354,roastedthaitea,0.003875968992248062,0.0,0.4127929616749982,0.039674536570050184,0.04384527317187642
1398268984072437763,herastatue,0.001937984496124031,0.0,0.40897080462245194,0.033635456551203154,0.04318552672751623
224177872,woogyustastu,0.001937984496124031,0.0,0.40897080462245194,0.033635456551203154,0.04318552672751623
2510554230,zeldaaas,0.001937984496124031,0.0,0.40897080462245194,0.033635456551203154,0.04318552672751623
1162266955564191745,ekristiv,0.001937984496124031,0.0,0.40897080462245194,0.033635456551203154,0.04318552672751623
1770040555550175232,gilsyahh,0.001937984496124031,0.0,0.40897080462245194,0.033635456551203154,0.04318552672751623
1079557530936700928,gforgea,0.001937984496124031,0.0,0.40897080462245194,0.033635456551203154,0.04318552672751623
18071520,antaranews,0.001937984496124031,0.0,0.2879794418857363,0.006039080018847029,0.041631973998548136
1540008987336515584,haeh0on,0.001937984496124031,0.0,0.40897080462245194,0.033635456551203154,0.04318552672751623
1724335629969100800,amarantcy,0.001937984496124031,0.0,0.40897080462245194,0.033635456551203154,0.04318552672751623
1299192636671102976,girinkwangi,0.0,0.0,0.0,2.9228583759679505e-130,0.040972227554187945
1472215296534454272,butuhkerjaaaan,0.001937984496124031,0.0,0.40897080462245194,0.033635456551203154,0.04318552672751623
348895915,blytheaashi,0.001937984496124031,0.0,0.40897080462245194,0.033635456551203154,0.04318552672751623
1472827792672772097,dealovesei,0.001937984496124031,0.0,0.40897080462245194,0.033635456551203154,0.04318552672751623
1216918270629969921,CoffeedCat,0.001937984496124031,0.0,0.40897080462245194,0.033635456551203154,0.04318552672751623
1020627754126008322,menyusuiii,0.001937984496124031,0.0,0.40897080462245194,0.033635456551203154,0.04318552672751623
1722987284864335872,mydiaeriy,0.001937984496124031,0.0,0.40897080462245194,0.033635456551203154,0.04318552672751623
1231846611225128960,shinhshi,0.001937984496124031,0.0,0.40897080462245194,0.033635456551203154,0.04318552672751623
1394245543770001410,kyratelkomsel,0.001937984496124031,0.0,0.40897080462245194,0.033635456551203154,0.04318552672751623
1558118466175270913,NutrimasJahe,0.001937984496124031,0.0,0.40897080462245194,0.033635456551203154,0.04318552672751623
1781258720263213056,NoisyGUNWOOK,0.0,0.0,0.0,2.9228583759679505e-130,0.040972227554187945
369316583,haobaragi_,0.001937984496124031,0.0,0.40897080462245194,0.033635456551203154,0.04318552672751623
788356085346283521,meninjaw,0.001937984496124031,0.0,0.40897080462245194,0.033635456551203154,0.04318552672751623
1357314461497888773,cherreallyhate,0.001937984496124031,0.0,0.40897080462245194,0.033635456551203154,0.04318552672751623
1832330957195759616,akuricle,0.001937984496124031,0.0,0.40897080462245194,0.033635456551203154,0.04318552672751623
1031771450,chececer,0.001937984496124031,0.0,0.40897080462245194,0.033635456551203154,0.04318552672751623
52099964,Hafidh_M,0.0,0.0,0.0,2.9228583759679505e-130,0.040972227554187945
817572517938216960,SyafeiMunandar2,0.001937984496124031,0.0,0.40897080462245194,0.033635456551203154,0.04318552672751623
1388347834743672839,JiwoongIndihome,0.001937984496124031,0.0,0.40897080462245194,0.033635456551203154,0.04318552672751623
1618004550019067904,kamil5b,0.001937984496124031,0.0,0.40897080462245194,0.033635456551203154,0.04318552672751623
1076688950155141126,mghtypip,0.0,0.0,0.0,2.9228583759679505e-130,0.040972227554187945
1364784780932382720,pirrawh,0.003875968992248062,0.0,0.4127929616749982,0.039674536570050184,0.04384527317187642
90339333,nOw_va,0.001937984496124031,0.0,0.40897080462245194,0.033635456551203154,0.04318552672751623
1700227438331179008,cktryingtweet,0.001937984496124031,0.0,0.40897080462245194,0.033635456551203154,0.04318552672751623
1289830915657461760,Hamdiirawan17,0.001937984496124031,0.0,0.40897080462245194,0.033635456551203154,0.04318552672751623
1326381547499511810,coelophyxia,0.001937984496124031,0.0,0.40897080462245194,0.033635456551203154,0.04318552672751623
1372500044834697225,hawareeyn,0.001937984496124031,0.0,0.40897080462245194,0.033635456551203154,0.04318552672751623
1700943431969955840,kaerraviell,0.005813953488372093,0.0010679611650485437,0.4152183022253801,0.04323415073754096,0.0443753026881077
1145741531950616578,ursaddictive,0.0,0.0,0.0,2.9228583759679505e-130,0.040972227554187945
1095314552424607744,isfunnyyyy,0.001937984496124031,0.0,0.40897080462245194,0.033635456551203154,0.04318552672751623
1583162114864128000,ono4d,0.0,0.0,0.0,2.9228583759679505e-130,0.040972227554187945
1394318820894859264,mengantoeg,0.0,0.0,0.0,2.9228583759679505e-130,0.040972227554187945
257549126,Hamid_elDhie,0.001937984496124031,0.0,0.40897080462245194,0.033635456551203154,0.04318552672751623
1017205251311468545,giemoreng,0.001937984496124031,0.0,0.40897080462245194,0.033635456551203154,0.04318552672751623
1315842710079643649,al_leey,0.001937984496124031,0.0,0.40897080462245194,0.033635456551203154,0.04318552672751623
1558110515464847362,Schwarzesmarker,0.001937984496124031,0.0,0.40897080462245194,0.033635456551203154,0.04318552672751623
1128229695944663040,militannkri01,0.0,0.0,0.0,2.9228583759679505e-130,0.040972227554187945
992610181736366086,Andika15_,0.001937984496124031,0.0,0.40897080462245194,0.033635456551203154,0.04318552672751623
4564565058,kring_pajak,0.001937984496124031,0.0,0.40897080462245194,0.033635456551203154,0.04318552672751623
540612927,darlshere,0.005813953488372093,0.0,0.4152183022253801,0.04323415073754096,0.0443753026881077
1267831329640464384,saturnboy____,0.001937984496124031,0.0,0.40897080462245194,0.033635456551203154,0.04318552672751623
1253245182469791746,lagilelah,0.001937984496124031,0.0,0.40897080462245194,0.033635456551203154,0.04318552672751623
1176878518401024000,ulmuwwi,0.001937984496124031,0.0,0.40897080462245194,0.033635456551203154,0.04318552672751623
1716503096371871744,akucantik_26,0.001937984496124031,0.0,0.40897080462245194,0.033635456551203154,0.04318552672751623
462653500,mbabasic,0.001937984496124031,0.0,0.40897080462245194,0.033635456551203154,0.04318552672751623
1451214331446579206,BuAgus17,0.001937984496124031,0.0,0.40897080462245194,0.033635456551203154,0.04318552672751623
1130873503844933632,brownisasem,0.001937984496124031,0.0,0.40897080462245194,0.033635456551203154,0.04318552672751623
1132473327325331456,pwtyyls_,0.001937984496124031,0.0,0.40897080462245194,0.033635456551203154,0.04318552672751623
1175774566414553088,au64gd,0.001937984496124031,0.0,0.40897080462245194,0.033635456551203154,0.04318552672751623
1432228277892960263,sinaga_javier,0.001937984496124031,0.0,0.40897080462245194,0.033635456551203154,0.04318552672751623
1609138636842504192,kksnyng,0.003875968992248062,0.0,0.4127929616749982,0.039674536570050184,0.04384527317187642
171373930,WawanShuvit,0.001937984496124031,0.0,0.40897080462245194,0.033635456551203154,0.04318552672751623
1228374518046920704,kamoleng,0.001937984496124031,0.0,0.40897080462245194,0.033635456551203154,0.04318552672751623
1535136173034971143,araflws,0.001937984496124031,0.0,0.40897080462245194,0.033635456551203154,0.04318552672751623
842189604,abiye_ajid,0.001937984496124031,0.0,0.40897080462245194,0.033635456551203154,0.04318552672751623
1721413028980412416,mono5odium,0.001937984496124031,0.0,0.40897080462245194,0.033635456551203154,0.04318552672751623
1786954423983550464,lovingurmum,0.001937984496124031,0.0,0.40897080462245194,0.033635456551203154,0.04318552672751623
1789852845631840256,pulchssera,0.001937984496124031,0.0,0.40897080462245194,0.033635456551203154,0.04318552672751623
1610183865678823424,BusinesupdateID,0.001937984496124031,0.0,0.28110642417963283,0.003559614167490782,0.041502257070419234
853919972,dhiyaulhaqqq,0.001937984496124031,0.0,0.40897080462245194,0.033635456551203154,0.04318552672751623
578113852,waliuluraditya,0.001937984496124031,0.0,0.40897080462245194,0.033635456551203154,0.04318552672751623
1608853432445853697,HeyItsMeRidho,0.001937984496124031,0.0,0.40897080462245194,0.033635456551203154,0.04318552672751623
1393848441457975300,yourfavgurls_,0.001937984496124031,0.0,0.40897080462245194,0.033635456551203154,0.04318552672751623
1260772111318052865,aceshoko,0.001937984496124031,0.0,0.40897080462245194,0.033635456551203154,0.04318552672751623
1721073486,UchieAshiya,0.001937984496124031,0.0,0.40897080462245194,0.033635456551203154,0.04318552672751623
811281962,fawazsidiqi_,0.001937984496124031,0.0,0.40897080462245194,0.033635456551203154,0.04318552672751623
69134273,pyoubcozjc,0.001937984496124031,0.0,0.40897080462245194,0.033635456551203154,0.04318552672751623
1783114359608315904,applecsder,0.0,0.0,0.0,2.9228583759679505e-130,0.040972227554187945
1235901257769865217,Interna87033216,0.0,0.0,0.0,2.9228583759679505e-130,0.040972227554187945
990696631,husain_fikri,0.0,0.0,0.0,2.9228583759679505e-130,0.040972227554187945
1608847532549099522,cookiesluck,0.001937984496124031,0.0,0.40897080462245194,0.033635456551203154,0.04318552672751623
23343960,kompascom,0.001937984496124031,0.0,0.2879794418857363,0.006039080018847029,0.041631973998548136
1275635161124737024,twehmanis,0.001937984496124031,0.0,0.40897080462245194,0.033635456551203154,0.04318552672751623
1227555071040212992,jxjbxd,0.001937984496124031,0.0,0.40897080462245194,0.033635456551203154,0.04318552672751623
1655065390790369280,yipftsegs,0.001937984496124031,0.0,0.40897080462245194,0.033635456551203154,0.04318552672751623
1179646555302678528,refrizk,0.001937984496124031,0.0,0.40897080462245194,0.033635456551203154,0.04318552672751623
3018769291,hyjmaknae,0.001937984496124031,0.0,0.40897080462245194,0.033635456551203154,0.04318552672751623
1469635340465885190,dimpbribri_,0.001937984496124031,0.0,0.40897080462245194,0.033635456551203154,0.04318552672751623
194018350,ardhynd,0.001937984496124031,0.0,0.40897080462245194,0.033635456551203154,0.04318552672751623
109794562,ahmedmiardien,0.001937984496124031,0.0,0.40897080462245194,0.033635456551203154,0.04318552672751623
1239759771625897984,alemtimes,0.0,0.0,0.0,2.9228583759679505e-130,0.040972227554187945
192748232,riedaputri,0.001937984496124031,0.0,0.40897080462245194,0.033635456551203154,0.04318552672751623
1575364186380476417,wetogell_,0.0,0.0,0.0,2.9228583759679505e-130,0.040972227554187945
3111597366,Trxcang,0.001937984496124031,0.0,0.40897080462245194,0.033635456551203154,0.04318552672751623
1292830365850062850,Febrythicx,0.0,0.0,0.0,2.9228583759679505e-130,0.040972227554187945
4171723223,solidegosse1,0.0,0.0,0.0,2.9228583759679505e-130,0.040972227554187945
306629752,cim00tt,0.001937984496124031,0.0,0.40897080462245194,0.033635456551203154,0.04318552672751623
1546061239738331138,imwrong92,0.001937984496124031,0.0,0.40897080462245194,0.033635456551203154,0.04318552672751623
1397145554518302721,Robottirex,0.001937984496124031,0.0,0.40897080462245194,0.033635456551203154,0.04318552672751623
562778871,lilluuu_,0.001937984496124031,0.0,0.40897080462245194,0.033635456551203154,0.04318552672751623
70881038,novazakiyaa,0.001937984496124031,0.0,0.40897080462245194,0.033635456551203154,0.04318552672751623
387674143,sukakejukraft,0.001937984496124031,0.0,0.40897080462245194,0.033635456551203154,0.04318552672751623
1040253415752749056,raphaelslslsl,0.001937984496124031,0.0,0.40897080462245194,0.033635456551203154,0.04318552672751623
1380220783453118464,vecnashit,0.001937984496124031,0.0,0.40897080462245194,0.033635456551203154,0.04318552672751623
1005218367077265409,aingsinga,0.001937984496124031,0.0,0.40897080462245194,0.033635456551203154,0.04318552672751623
1304246380085407744,winkiths,0.001937984496124031,0.0,0.40897080462245194,0.033635456551203154,0.04318552672751623
1480802771007774724,cchristalino,0.001937984496124031,0.0,0.40897080462245194,0.033635456551203154,0.04318552672751623
1681807204738019328,bocahkartoffel,0.001937984496124031,0.0,0.40897080462245194,0.033635456551203154,0.04318552672751623
306068111,hilwazhr,0.001937984496124031,0.0,0.40897080462245194,0.033635456551203154,0.04318552672751623
1388961580910399488,nanjjaeminie,0.001937984496124031,0.0,0.40897080462245194,0.033635456551203154,0.04318552672751623
1402232328,pawline__,0.0,0.0,0.0,2.9228583759679505e-130,0.040972227554187945
462662323,brooklynbeby,0.001937984496124031,0.0,0.40897080462245194,0.033635456551203154,0.04318552672751623
1792588219768549376,O97132,0.001937984496124031,0.0,0.40897080462245194,0.033635456551203154,0.04318552672751623
1681868654462500865,psyglot,0.003875968992248062,0.0043688493338527295,0.4127929616749982,0.039674536570050184,0.04384527317187642
1511866551225315332,_ejOey,0.001937984496124031,0.0,0.40897080462245194,0.033635456551203154,0.04318552672751623
367091427,RizqiEkaIP,0.001937984496124031,0.0,0.40897080462245194,0.033635456551203154,0.04318552672751623
1265570939200327682,lavidaliver,0.001937984496124031,0.0,0.40897080462245194,0.033635456551203154,0.04318552672751623
163361303,unggular,0.001937984496124031,0.0,0.40897080462245194,0.033635456551203154,0.04318552672751623
2368557703,paulinathania,0.001937984496124031,0.0,0.40897080462245194,0.033635456551203154,0.04318552672751623
1250758936656883713,ilybudlmb,0.001937984496124031,0.0,0.40897080462245194,0.033635456551203154,0.04318552672751623
918086482954354688,sisenor_ID,0.001937984496124031,0.0,0.40897080462245194,0.033635456551203154,0.04318552672751623
277010298,nayranghae,0.001937984496124031,0.0,0.40897080462245194,0.033635456551203154,0.04318552672751623
1501316577190285313,centilest,0.001937984496124031,0.0,0.40897080462245194,0.033635456551203154,0.04318552672751623
1840082658296246273,ltamrdtlna,0.0,0.0,0.0,2.9228583759679505e-130,0.040972227554187945
1188803766985748480,mayolelola,0.0,0.0,0.0,2.9228583759679505e-130,0.040972227554187945
444631434,hotzchocoo,0.001937984496124031,0.0,0.40897080462245194,0.033635456551203154,0.04318552672751623
1594574881944850432,_luluMut_,0.001937984496124031,0.0,0.40897080462245194,0.033635456551203154,0.04318552672751623
1032592410302267392,valkenbach,0.001937984496124031,0.0,0.40897080462245194,0.033635456551203154,0.04318552672751623
1436895467762110470,neoiszy,0.001937984496124031,0.0,0.40897080462245194,0.033635456551203154,0.04318552672751623
1693581943655522304,cydyie,0.001937984496124031,0.0,0.40897080462245194,0.033635456551203154,0.04318552672751623
1771248247841140736,mastroberi,0.003875968992248062,0.0043688493338527295,0.4127929616749982,0.039674536570050184,0.04384527317187642
1247920378267099138,ithemoonshine,0.001937984496124031,0.0,0.40897080462245194,0.033635456551203154,0.04318552672751623
1829141709101715456,aul1211,0.0,0.0,0.0,2.9228583759679505e-130,0.040972227554187945
1674032237409603584,rexvnm49533,0.001937984496124031,0.0,0.40897080462245194,0.033635456551203154,0.04318552672751623
814369620777832449,baegdough,0.001937984496124031,0.0,0.40897080462245194,0.033635456551203154,0.04318552672751623
1520412102166745090,dontsatan_,0.001937984496124031,0.0,0.40897080462245194,0.033635456551203154,0.04318552672751623
78565553,tigiRED,0.0,0.0,0.0,2.9228583759679505e-130,0.040972227554187945
1820758943955849216,happnayyyi,0.001937984496124031,0.0,0.40897080462245194,0.033635456551203154,0.04318552672751623
836176342890733572,donatbersayap,0.001937984496124031,0.0,0.40897080462245194,0.033635456551203154,0.04318552672751623
284790588,Fanrio_7,0.0,0.0,0.0,2.9228583759679505e-130,0.040972227554187945
1222515533397946368,aiiiasaa,0.001937984496124031,0.0,0.40897080462245194,0.033635456551203154,0.04318552672751623
339009801,FeryTheGreen,0.003875968992248062,0.0,0.4113513098880075,0.037195070718693934,0.04371555624374752
1438480111519641608,CrystRusmana,0.0,0.0,0.0,2.9228583759679505e-130,0.040972227554187945
2524229136,veleise,0.001937984496124031,0.0,0.28110642417963283,0.003559614167490782,0.041502257070419234
112998245,gomsemariya,0.0,0.0,0.0,2.9228583759679505e-130,0.040972227554187945
1595367328237383680,jicha__,0.003875968992248062,0.0,0.4127929616749982,0.039674536570050184,0.04384527317187642
4325535854,jangansukagituY,0.001937984496124031,0.0,0.40897080462245194,0.033635456551203154,0.04318552672751623
1539598972037505025,keibluee,0.001937984496124031,0.0,0.40897080462245194,0.033635456551203154,0.04318552672751623
1454975767994003460,asknoansw,0.0,0.0,0.0,2.9228583759679505e-130,0.040972227554187945
1589537889192652801,fitrywulantaric,0.001937984496124031,0.0,0.40897080462245194,0.033635456551203154,0.04318552672751623
2962959750,TerryJanu87,0.0,0.0,0.0,2.9228583759679505e-130,0.040972227554187945
318866102,bemyeps,0.001937984496124031,0.0,0.40897080462245194,0.033635456551203154,0.04318552672751623
3543482659,convobase,0.001937984496124031,0.0,0.28110642417963283,0.003559614167490782,0.041502257070419234
995454218025648129,AchmadAgha,0.001937984496124031,0.0,0.40897080462245194,0.033635456551203154,0.04318552672751623
1341078175,iamspydearman,0.001937984496124031,0.0,0.40897080462245194,0.033635456551203154,0.04318552672751623
64400004,telordadarenag,0.0,0.0,0.0,2.9228583759679505e-130,0.040972227554187945
1489104444654759938,i_marsyahh,0.001937984496124031,0.0,0.40897080462245194,0.033635456551203154,0.04318552672751623
1793286672467238912,cylentre,0.001937984496124031,0.0,0.40897080462245194,0.033635456551203154,0.04318552672751623
1469469872,nana_wiy,0.001937984496124031,0.0,0.40897080462245194,0.033635456551203154,0.04318552672751623
1131365052882120704,_deadlockbreakr,0.001937984496124031,0.0,0.40897080462245194,0.033635456551203154,0.04318552672751623
132098977,bang_nambell,0.0,0.0,0.0,2.9228583759679505e-130,0.040972227554187945
889315226985693184,nyaenko,0.001937984496124031,0.0,0.40897080462245194,0.033635456551203154,0.04318552672751623
1772140781484363776,leevhai,0.001937984496124031,0.0,0.40897080462245194,0.033635456551203154,0.04318552672751623
2931379940,sikopisaring,0.003875968992248062,0.0043688493338527295,0.4127929616749982,0.039674536570050184,0.04384527317187642
1154673089080254464,zovlu,0.001937984496124031,0.0,0.40897080462245194,0.033635456551203154,0.04318552672751623
54842571,rfnsvl,0.003875968992248062,0.0,0.4127929616749982,0.039674536570050184,0.04384527317187642
1655984043400523776,ifeeloveyou,0.001937984496124031,0.0,0.40897080462245194,0.033635456551203154,0.04318552672751623
1807728813440425984,cherrychai_,0.001937984496124031,0.0,0.40897080462245194,0.033635456551203154,0.04318552672751623
108819730,Randyiraa,0.003875968992248062,0.0,0.4127929616749982,0.039674536570050184,0.04384527317187642
1216330007653449728,samasamain,0.001937984496124031,0.0,0.40897080462245194,0.033635456551203154,0.04318552672751623
819075279079378945,eeeeekaaaaa313,0.001937984496124031,0.0,0.40897080462245194,0.033635456551203154,0.04318552672751623
579089901,hikmawanmie,0.001937984496124031,0.0,0.40897080462245194,0.033635456551203154,0.04318552672751623
1605893658263183360,Hetie_Rush,0.001937984496124031,0.0,0.40897080462245194,0.033635456551203154,0.04318552672751623
50176307,dianptr_,0.003875968992248062,0.0,0.4113513098880075,0.037195070718693934,0.04371555624374752
1552882868648456193,moraxys,0.001937984496124031,0.0,0.40897080462245194,0.033635456551203154,0.04318552672751623
886744849,lamgps,0.001937984496124031,0.0,0.40897080462245194,0.033635456551203154,0.04318552672751623
1121995518635196416,imuseinmark,0.001937984496124031,0.0,0.40897080462245194,0.033635456551203154,0.04318552672751623
1252758487106375680,xhylase,0.001937984496124031,0.0,0.40897080462245194,0.033635456551203154,0.04318552672751623
1280243871276912640,haceahn,0.001937984496124031,0.0,0.40897080462245194,0.033635456551203154,0.04318552672751623
1850833772,sambelcumiasin,0.001937984496124031,0.0,0.40897080462245194,0.033635456551203154,0.04318552672751623
2821268944,thekharis2,0.001937984496124031,0.0,0.40897080462245194,0.033635456551203154,0.04318552672751623
1027924981441683457,tetanggagibah,0.001937984496124031,0.0,0.40897080462245194,0.033635456551203154,0.04318552672751623
114451768,stephanieubxoxo,0.001937984496124031,0.0,0.40897080462245194,0.033635456551203154,0.04318552672751623
1253238793500426240,cimadownn,0.001937984496124031,0.0,0.40897080462245194,0.033635456551203154,0.04318552672751623
1500920425479815169,Sayangdoy01,0.001937984496124031,0.0,0.40897080462245194,0.033635456551203154,0.04318552672751623
1117529034,MediaKonsumenID,0.001937984496124031,0.0,0.2879794418857363,0.006039080018847029,0.041631973998548136
1626887432066170881,BelajarJwbSoal,0.001937984496124031,0.0,0.40897080462245194,0.033635456551203154,0.04318552672751623
1500137380195741697,mavisinmotion,0.003875968992248062,0.0,0.4127929616749982,0.039674536570050184,0.04384527317187642
4240744999,X_ujangkemod,0.003875968992248062,0.0043688493338527295,0.4127929616749982,0.039674536570050184,0.04384527317187642
1358444337747480577,Parto70020733,0.001937984496124031,0.0,0.40897080462245194,0.033635456551203154,0.04318552672751623
135815019,detikinet,0.0,0.0,0.0,2.9228583759679505e-130,0.040972227554187945
1611580811748478976,Ftanjung_isback,0.001937984496124031,0.0,0.40897080462245194,0.033635456551203154,0.04318552672751623
1480746989763530755,raplimik,0.001937984496124031,0.0,0.40897080462245194,0.033635456551203154,0.04318552672751623
1489891145429643265,jukngwooseok,0.001937984496124031,0.0,0.40897080462245194,0.033635456551203154,0.04318552672751623
1588368407669637121,onyblue1,0.001937984496124031,0.0,0.40897080462245194,0.033635456551203154,0.04318552672751623
1068079964237455360,kikinoov,0.001937984496124031,0.0,0.40897080462245194,0.033635456551203154,0.04318552672751623
2942000958,ssungtaro,0.001937984496124031,0.0,0.40897080462245194,0.033635456551203154,0.04318552672751623
1596819150877310976,kisseadble,0.0,0.0,0.0,2.9228583759679505e-130,0.040972227554187945
84294228,nadnadonat,0.001937984496124031,0.0,0.40897080462245194,0.033635456551203154,0.04318552672751623
1399719745662820354,CutieKungyaz,0.001937984496124031,0.0,0.40897080462245194,0.033635456551203154,0.04318552672751623
3170115302,waffewllo,0.001937984496124031,0.0,0.40897080462245194,0.033635456551203154,0.04318552672751623
1442995680818044935,Septiandanangg,0.001937984496124031,0.0,0.40897080462245194,0.033635456551203154,0.04318552672751623
551663430,itsUKIapparenly,0.0,0.0,0.0,2.9228583759679505e-130,0.040972227554187945
1748712090343538688,bylavsmagc,0.003875968992248062,0.0,0.4127929616749982,0.039674536570050184,0.04384527317187642
469852137,pakuntilanak,0.001937984496124031,0.0,0.40897080462245194,0.033635456551203154,0.04318552672751623
1261131794,maniisaaaa,0.001937984496124031,0.0,0.40897080462245194,0.033635456551203154,0.04318552672751623
1562579656326672387,AbharinaFildzah,0.001937984496124031,0.0,0.40897080462245194,0.033635456551203154,0.04318552672751623
285371425,bodyguardbdg,0.001937984496124031,0.0,0.40897080462245194,0.033635456551203154,0.04318552672751623
3195998996,linkaja,0.0,0.0,0.0,2.9228583759679505e-130,0.040972227554187945
3031780044,ada_mimim,0.0,0.0,0.0,2.9228583759679505e-130,0.040972227554187945
3281027354,elylsian,0.001937984496124031,0.0,0.2879794418857363,0.006039080018847029,0.041631973998548136
1697606619876786176,r_e__m_gf,0.001937984496124031,0.0,0.40897080462245194,0.033635456551203154,0.04318552672751623
1774252982122786816,ztbuyeon,0.001937984496124031,0.0,0.40897080462245194,0.033635456551203154,0.04318552672751623
1760654096850399232,bagoldisokin,0.001937984496124031,0.0,0.40897080462245194,0.033635456551203154,0.04318552672751623
1740148471980822528,kualikummall,0.001937984496124031,0.0,0.40897080462245194,0.033635456551203154,0.04318552672751623
1842180984,reoktari,0.001937984496124031,0.0,0.40897080462245194,0.033635456551203154,0.04318552672751623
1739683467389243392,Suryonugro44,0.001937984496124031,0.0,0.40897080462245194,0.033635456551203154,0.04318552672751623
237647445,choiruddinH,0.003875968992248062,0.0,0.4127929616749982,0.039674536570050184,0.04384527317187642
